Rank,Term,P-value,Z-score,Combined Score,Genes,Adjusted P-value,Gene_set,AD_genes,T2D_genes,Shared_genes,N_AD,N_T2D,N_Shared
1,GTEX-QDT8-0011-R11A-SM-32PKD brain female 30-39 years,3.271607831502044e-07,6.521216407355022,97.3801122862463,CDKN1C;CDKN2B;GRN;TOX2;SHARPIN;KCNQ1;SLC22A18;PLCG2;HLA-DRA;ALPK2;PVRL2;HLA-DRB1;HLA-DQB2;HLA-DQA1;HLA-DQB1,0.0005447227039450903,GTEx_Tissue_Expression_Down,GRN;SHARPIN;PLCG2;HLA-DRA;ALPK2;PVRL2;HLA-DRB1;HLA-DQB2;HLA-DQA1;HLA-DQB1,CDKN1C;CDKN2B;TOX2;KCNQ1;SLC22A18;HLA-DRA;HLA-DRB1;HLA-DQB2;HLA-DQA1;HLA-DQB1,HLA-DRA;HLA-DRB1;HLA-DQB2;HLA-DQA1;HLA-DQB1,10,10,5
1,GTEX-OXRL-0526-SM-2I3EZ lung male 50-59 years,3.9309261403514974e-07,8.009957924263675,118.14063637136353,TOX2;GRN;ZC3H4;HLA-DRA;TREM2;JADE2;LRRC16A;HLA-DQA2;HLA-DRB1;HLA-DQB2;HLA-DQA1;HLA-DQB1,0.0010401230567370062,GTEx_Tissue_Expression_Up,GRN;ZC3H4;HLA-DRA;TREM2;HLA-DQA2;HLA-DRB1;HLA-DQB2;HLA-DQA1;HLA-DQB1,TOX2;ZC3H4;HLA-DRA;JADE2;LRRC16A;HLA-DQA2;HLA-DRB1;HLA-DQB2;HLA-DQA1;HLA-DQB1,ZC3H4;HLA-DRA;HLA-DQA2;HLA-DRB1;HLA-DQB2;HLA-DQA1;HLA-DQB1,9,10,7
1,MACROPHAGE,1.2199298598734839e-05,4.549307568438003,51.47146679185819,ATP8B4;CDKN2B;GRN;IDUA;TREM2;NPAS1;TSPAN15;KCNQ1;SLC22A18;HESX1;CHST15;HLA-DRA;APOE;HLA-DQA2;HLA-DRB1;HLA-DQB1,0.0013175242486633625,ARCHS4_Tissues,ATP8B4;GRN;IDUA;TREM2;NPAS1;HESX1;HLA-DRA;APOE;HLA-DQA2;HLA-DRB1;HLA-DQB1,CDKN2B;NPAS1;TSPAN15;KCNQ1;SLC22A18;CHST15;HLA-DRA;HLA-DQA2;HLA-DRB1;HLA-DQB1,NPAS1;HLA-DRA;HLA-DQA2;HLA-DRB1;HLA-DQB1,11,10,5
2,GTEX-QDT8-3026-SM-32PKB brain female 30-39 years,3.322680164076515e-06,5.626571622242144,70.97773147996286,CDKN1C;GRN;TOX2;KCNQ1;SLC22A18;PLCG2;HLA-DRA;ALPK2;PVRL2;HLA-DQA2;HLA-DRB1;HLA-DQB2;HLA-DQA1;HLA-DQB1,0.002766131236593699,GTEx_Tissue_Expression_Down,GRN;PLCG2;HLA-DRA;ALPK2;PVRL2;HLA-DQA2;HLA-DRB1;HLA-DQB2;HLA-DQA1;HLA-DQB1,CDKN1C;TOX2;KCNQ1;SLC22A18;HLA-DRA;HLA-DQA2;HLA-DRB1;HLA-DQB2;HLA-DQA1;HLA-DQB1,HLA-DRA;HLA-DQA2;HLA-DRB1;HLA-DQB2;HLA-DQA1;HLA-DQB1,10,10,6
3,GTEX-TKQ1-1426-SM-4GICK muscle male 30-39 years,1.1639082389653266e-05,3.915228426395939,44.48146592394129,ATP8B4;GRN;GIPR;IDUA;QPCTL;TREM2;LRRC16A;NPAS1;EML2;TOX2;APH1B;SHARPIN;CCND2;SLC22A18;HESX1;PLCG2;APOE;PVRL2;HLA-DRB1;HLA-DQA1;PICALM;HLA-DQB1;JAZF1,0.0064596907262575625,GTEx_Tissue_Expression_Down,ATP8B4;GRN;GIPR;IDUA;QPCTL;TREM2;NPAS1;EML2;APH1B;SHARPIN;HESX1;PLCG2;APOE;PVRL2;HLA-DRB1;HLA-DQA1;PICALM;HLA-DQB1;JAZF1,GIPR;QPCTL;LRRC16A;NPAS1;EML2;TOX2;CCND2;SLC22A18;HLA-DRB1;HLA-DQA1;HLA-DQB1;JAZF1,GIPR;QPCTL;NPAS1;EML2;HLA-DRB1;HLA-DQA1;HLA-DQB1;JAZF1,19,12,8
2,PLASMACYTOID DENDRITIC CELL,0.00022415466109515552,3.702477605680218,31.11256463662098,BTNL2;JADE2;TSPAN15;TOX2;KCNQ1;HESX1;HLA-DRA;ALPK2;HLA-DQA2;HLA-DRB1;HLA-DQB2;HLA-DQA1;HLA-DQB1;JAZF1,0.012104351699138398,ARCHS4_Tissues,BTNL2;HESX1;HLA-DRA;ALPK2;HLA-DQA2;HLA-DRB1;HLA-DQB2;HLA-DQA1;HLA-DQB1;JAZF1,BTNL2;JADE2;TSPAN15;TOX2;KCNQ1;HLA-DRA;HLA-DQA2;HLA-DRB1;HLA-DQB2;HLA-DQA1;HLA-DQB1;JAZF1,BTNL2;HLA-DRA;HLA-DQA2;HLA-DRB1;HLA-DQB2;HLA-DQA1;HLA-DQB1;JAZF1,10,12,8
4,GTEX-SNMC-1426-SM-2XCFM muscle male 20-29 years,3.1495296887134386e-05,3.8442757237871676,39.84850249299332,ATP8B4;GRN;GIPR;IDUA;QPCTL;TREM2;JADE2;LRRC16A;EML2;SHARPIN;CCND2;SLC22A18;PLCG2;IGF2BP2;PVRL2;HLA-DRB1;HLA-DQA1;HLA-DQB1;JAZF1,0.013109917329269688,GTEx_Tissue_Expression_Down,ATP8B4;GRN;GIPR;IDUA;QPCTL;TREM2;EML2;SHARPIN;PLCG2;PVRL2;HLA-DRB1;HLA-DQA1;HLA-DQB1;JAZF1,GIPR;QPCTL;JADE2;LRRC16A;EML2;CCND2;SLC22A18;IGF2BP2;HLA-DRB1;HLA-DQA1;HLA-DQB1;JAZF1,GIPR;QPCTL;EML2;HLA-DRB1;HLA-DQA1;HLA-DQB1;JAZF1,14,12,7
5,GTEX-XOTO-0011-R11B-SM-4B64O brain male 50-59 years,3.959984491314667e-05,4.662738165389904,47.264709680185504,CDKN1C;CDKN2B;GRN;CCND2;KCNQ1;SLC22A18;CHST15;PLCG2;HLA-DRA;PVRL2;HLA-DRB1;HLA-DQA1;HLA-DQB1,0.01318674835607784,GTEx_Tissue_Expression_Down,GRN;PLCG2;HLA-DRA;PVRL2;HLA-DRB1;HLA-DQA1;HLA-DQB1,CDKN1C;CDKN2B;CCND2;KCNQ1;SLC22A18;CHST15;HLA-DRA;HLA-DRB1;HLA-DQA1;HLA-DQB1,HLA-DRA;HLA-DRB1;HLA-DQA1;HLA-DQB1,7,10,4
10,GTEX-T8EM-1326-SM-3DB7G muscle male 40-49 years,8.14666277719075e-05,3.5440335711672155,33.3681998741256,ATP8B4;GRN;GIPR;IDUA;QPCTL;TREM2;JADE2;EML2;CCND2;SNRPD2;KCNQ1;SLC22A18;PLCG2;IGF2BP2;PVRL2;HLA-DRB1;HLA-DQA1;HLA-DQB1;JAZF1,0.0135641935240226,GTEx_Tissue_Expression_Down,ATP8B4;GRN;GIPR;IDUA;QPCTL;TREM2;EML2;SNRPD2;PLCG2;PVRL2;HLA-DRB1;HLA-DQA1;HLA-DQB1;JAZF1,GIPR;QPCTL;JADE2;EML2;CCND2;SNRPD2;KCNQ1;SLC22A18;IGF2BP2;HLA-DRB1;HLA-DQA1;HLA-DQB1;JAZF1,GIPR;QPCTL;EML2;SNRPD2;HLA-DRB1;HLA-DQA1;HLA-DQB1;JAZF1,14,13,8
9,GTEX-WVLH-0011-R11A-SM-3MJFO brain male 50-59 years,7.62099043777754e-05,4.349870943952802,41.24555948187364,CDKN1C;CDKN2B;GRN;TOX2;KCNQ1;SLC22A18;CHST15;PLCG2;HLA-DRA;ALPK2;PVRL2;HLA-DQB2;HLA-DQA1,0.0135641935240226,GTEx_Tissue_Expression_Down,GRN;PLCG2;HLA-DRA;ALPK2;PVRL2;HLA-DQB2;HLA-DQA1,CDKN1C;CDKN2B;TOX2;KCNQ1;SLC22A18;CHST15;HLA-DRA;HLA-DQB2;HLA-DQA1,HLA-DRA;HLA-DQB2;HLA-DQA1,7,9,3
8,GTEX-P4PP-0008-SM-48TDV skin female 30-39 years,7.255068742771542e-05,4.167054986020503,39.7171390902235,CDKN1C;ATP8B4;TREM2;TSPAN15;CCND2;KCNQ1;CHST15;PLCG2;HLA-DRA;HLA-DQA2;HLA-DRB1;HLA-DQB2;HLA-DQA1;HLA-DQB1,0.0135641935240226,GTEx_Tissue_Expression_Down,ATP8B4;TREM2;PLCG2;HLA-DRA;HLA-DQA2;HLA-DRB1;HLA-DQB2;HLA-DQA1;HLA-DQB1,CDKN1C;TSPAN15;CCND2;KCNQ1;CHST15;HLA-DRA;HLA-DQA2;HLA-DRB1;HLA-DQB2;HLA-DQA1;HLA-DQB1,HLA-DRA;HLA-DQA2;HLA-DRB1;HLA-DQB2;HLA-DQA1;HLA-DQB1,9,11,6
7,GTEX-QDT8-0011-R7A-SM-32PKF brain female 30-39 years,6.224320241058938e-05,5.484123531970422,53.11078170837908,GRN;SHARPIN;SLC22A18;HLA-DRA;ALPK2;HLA-DQA2;HLA-DRB1;HLA-DQB2;HLA-DQA1;HLA-DQB1,0.0135641935240226,GTEx_Tissue_Expression_Down,GRN;SHARPIN;HLA-DRA;ALPK2;HLA-DQA2;HLA-DRB1;HLA-DQB2;HLA-DQA1;HLA-DQB1,SLC22A18;HLA-DRA;HLA-DQA2;HLA-DRB1;HLA-DQB2;HLA-DQA1;HLA-DQB1,HLA-DRA;HLA-DQA2;HLA-DRB1;HLA-DQB2;HLA-DQA1;HLA-DQB1,9,7,6
6,GTEX-P44H-0011-R11A-SM-2XCER brain male 40-49 years,5.258600878420383e-05,4.525401376146789,44.589053393445596,CDKN1C;CDKN2B;GRN;GIPR;TOX2;SHARPIN;KCNQ1;SLC22A18;CHST15;PLCG2;HLA-DRA;PVRL2;HLA-DRB1,0.0135641935240226,GTEx_Tissue_Expression_Down,GRN;GIPR;SHARPIN;PLCG2;HLA-DRA;PVRL2;HLA-DRB1,CDKN1C;CDKN2B;GIPR;TOX2;KCNQ1;SLC22A18;CHST15;HLA-DRA;HLA-DRB1,GIPR;HLA-DRA;HLA-DRB1,7,9,3
11,GTEX-QMR6-1326-SM-32PLB brain male 50-59 years,0.00010689584669920657,4.193757802746567,38.34627698832557,CDKN1C;GRN;TOX2;SHARPIN;SNRPD2;KCNQ1;SLC22A18;PLCG2;HLA-DRA;ALPK2;PVRL2;HLA-DQA2;HLA-DRB1,0.016180144068561723,GTEx_Tissue_Expression_Down,GRN;SHARPIN;SNRPD2;PLCG2;HLA-DRA;ALPK2;PVRL2;HLA-DQA2;HLA-DRB1,CDKN1C;TOX2;SNRPD2;KCNQ1;SLC22A18;HLA-DRA;HLA-DQA2;HLA-DRB1,SNRPD2;HLA-DRA;HLA-DQA2;HLA-DRB1,9,8,4
12,GTEX-QVUS-2926-SM-3GIJB brain female 60-69 years,0.00011982288432345178,4.372786357402659,39.48405635220383,CDKN1C;GRN;KCNQ1;SLC22A18;PLCG2;HLA-DRA;ALPK2;PVRL2;HLA-DQA2;HLA-DRB1;HLA-DQB2;HLA-DQB1,0.016625425199878936,GTEx_Tissue_Expression_Down,GRN;PLCG2;HLA-DRA;ALPK2;PVRL2;HLA-DQA2;HLA-DRB1;HLA-DQB2;HLA-DQB1,CDKN1C;KCNQ1;SLC22A18;HLA-DRA;HLA-DQA2;HLA-DRB1;HLA-DQB2;HLA-DQB1,HLA-DRA;HLA-DQA2;HLA-DRB1;HLA-DQB2;HLA-DQB1,9,8,5
13,GTEX-TKQ1-0008-SM-4DXSO skin male 30-39 years,0.00013454950750044328,4.089696652719665,36.45383150553143,CDKN1C;GIPR;TREM2;TSPAN15;KCNQ1;CHST15;PLCG2;HLA-DRA;HLA-DQA2;HLA-DRB1;HLA-DQB2;HLA-DQA1;HLA-DQB1,0.01723268692217216,GTEx_Tissue_Expression_Down,GIPR;TREM2;PLCG2;HLA-DRA;HLA-DQA2;HLA-DRB1;HLA-DQB2;HLA-DQA1;HLA-DQB1,CDKN1C;GIPR;TSPAN15;KCNQ1;CHST15;HLA-DRA;HLA-DQA2;HLA-DRB1;HLA-DQB2;HLA-DQA1;HLA-DQB1,GIPR;HLA-DRA;HLA-DQA2;HLA-DRB1;HLA-DQB2;HLA-DQA1;HLA-DQB1,9,11,7
14,GTEX-POYW-0526-SM-2XCEY muscle male 60-69 years,0.00016412854946521016,4.216771117690031,36.74857246846654,ATP8B4;TOX2;APH1B;CCND2;GIPR;IDUA;ZC3H4;QPCTL;TREM2;APOE;NPAS1;EML2,0.019519573918541065,GTEx_Tissue_Expression_Down,ATP8B4;APH1B;GIPR;IDUA;ZC3H4;QPCTL;TREM2;APOE;NPAS1;EML2,TOX2;CCND2;GIPR;ZC3H4;QPCTL;NPAS1;EML2,GIPR;ZC3H4;QPCTL;NPAS1;EML2,10,7,5
18,GTEX-OOBK-0008-SM-3NB27 skin male 40-49 years,0.00021602938742042215,4.083557347670251,34.465616471403244,CDKN1C;TSPAN15;GIPR;KCNQ1;CHST15;PLCG2;HLA-DRA;HLA-DQA2;HLA-DRB1;HLA-DQB2;HLA-DQA1;HLA-DQB1,0.01998271833638905,GTEx_Tissue_Expression_Down,GIPR;PLCG2;HLA-DRA;HLA-DQA2;HLA-DRB1;HLA-DQB2;HLA-DQA1;HLA-DQB1,CDKN1C;TSPAN15;GIPR;KCNQ1;CHST15;HLA-DRA;HLA-DQA2;HLA-DRB1;HLA-DQB2;HLA-DQA1;HLA-DQB1,GIPR;HLA-DRA;HLA-DQA2;HLA-DRB1;HLA-DQB2;HLA-DQA1;HLA-DQB1,8,11,7
17,GTEX-X261-0011-R11A-SM-4E3JY brain male 50-59 years,0.00021109040660064133,4.351813826146475,36.830375430006804,CDKN1C;CDKN2B;GRN;KCNQ1;SLC22A18;CHST15;PLCG2;HLA-DRA;PVRL2;HLA-DQA2;HLA-DQB2,0.01998271833638905,GTEx_Tissue_Expression_Down,GRN;PLCG2;HLA-DRA;PVRL2;HLA-DQA2;HLA-DQB2,CDKN1C;CDKN2B;KCNQ1;SLC22A18;CHST15;HLA-DRA;HLA-DQA2;HLA-DQB2,HLA-DRA;HLA-DQA2;HLA-DQB2,6,8,3
16,GTEX-UJMC-1826-SM-3GADT muscle male 50-59 years,0.00020731422164050158,3.17058742470176,26.89062365981755,ATP8B4;GRN;GIPR;IDUA;QPCTL;TREM2;JADE2;LRRC16A;NPAS1;EML2;TOX2;APH1B;CCND2;SNRPD2;KCNQ1;SLC22A18;PLCG2;APOE;PVRL2;PICALM;JAZF1,0.01998271833638905,GTEx_Tissue_Expression_Down,ATP8B4;GRN;GIPR;IDUA;QPCTL;TREM2;NPAS1;EML2;APH1B;SNRPD2;PLCG2;APOE;PVRL2;PICALM;JAZF1,GIPR;QPCTL;JADE2;LRRC16A;NPAS1;EML2;TOX2;CCND2;SNRPD2;KCNQ1;SLC22A18;JAZF1,GIPR;QPCTL;NPAS1;EML2;SNRPD2;JAZF1,15,12,6
15,GTEX-WXYG-2526-SM-3NB3F muscle female 50-59 years,0.00019271595245956184,3.1599344507374294,27.031005790897787,ATP8B4;GRN;GIPR;IDUA;QPCTL;JADE2;NPAS1;EML2;TOX2;APH1B;CCND2;SLC22A18;HESX1;PLCG2;HLA-DRA;IGF2BP2;PVRL2;HLA-DRB1;HLA-DQA1;PICALM;HLA-DQB1;JAZF1,0.01998271833638905,GTEx_Tissue_Expression_Down,ATP8B4;GRN;GIPR;IDUA;QPCTL;NPAS1;EML2;APH1B;HESX1;PLCG2;HLA-DRA;PVRL2;HLA-DRB1;HLA-DQA1;PICALM;HLA-DQB1;JAZF1,GIPR;QPCTL;JADE2;NPAS1;EML2;TOX2;CCND2;SLC22A18;HLA-DRA;IGF2BP2;HLA-DRB1;HLA-DQA1;HLA-DQB1;JAZF1,GIPR;QPCTL;NPAS1;EML2;HLA-DRA;HLA-DRB1;HLA-DQA1;HLA-DQB1;JAZF1,17,14,9
19,GTEX-WFG7-0008-SM-4LMKB skin male 20-29 years,0.0002304035414829707,4.052725250278087,33.944322765377805,CDKN1C;TSPAN15;GIPR;KCNQ1;CHST15;PLCG2;HLA-DRA;HLA-DQA2;HLA-DRB1;HLA-DQB2;HLA-DQA1;HLA-DQB1,0.020190626135218222,GTEx_Tissue_Expression_Down,GIPR;PLCG2;HLA-DRA;HLA-DQA2;HLA-DRB1;HLA-DQB2;HLA-DQA1;HLA-DQB1,CDKN1C;TSPAN15;GIPR;KCNQ1;CHST15;HLA-DRA;HLA-DQA2;HLA-DRB1;HLA-DQB2;HLA-DQA1;HLA-DQB1,GIPR;HLA-DRA;HLA-DQA2;HLA-DRB1;HLA-DQB2;HLA-DQA1;HLA-DQB1,8,11,7
22,GTEX-OHPK-0008-SM-4E3JL skin female 50-59 years,0.0002873853134298829,3.9480829803410447,32.195379719438705,TSPAN15;CCND2;KCNQ1;CHST15;PLCG2;HLA-DRA;TREM2;HLA-DQA2;HLA-DRB1;HLA-DQB2;HLA-DQA1;HLA-DQB1,0.02174984303912523,GTEx_Tissue_Expression_Down,PLCG2;HLA-DRA;TREM2;HLA-DQA2;HLA-DRB1;HLA-DQB2;HLA-DQA1;HLA-DQB1,TSPAN15;CCND2;KCNQ1;CHST15;HLA-DRA;HLA-DQA2;HLA-DRB1;HLA-DQB2;HLA-DQA1;HLA-DQB1,HLA-DRA;HLA-DQA2;HLA-DRB1;HLA-DQB2;HLA-DQA1;HLA-DQB1,8,10,6
21,GTEX-TSE9-0011-R11A-SM-3DB7N brain female 60-69 years,0.00027770949362439966,4.2054666777188325,34.43829317436936,CDKN2B;TOX2;GRN;SHARPIN;SNRPD2;KCNQ1;SLC22A18;CHST15;PLCG2;PVRL2;HLA-DRB1,0.02174984303912523,GTEx_Tissue_Expression_Down,GRN;SHARPIN;SNRPD2;PLCG2;PVRL2;HLA-DRB1,CDKN2B;TOX2;SNRPD2;KCNQ1;SLC22A18;CHST15;HLA-DRB1,SNRPD2;HLA-DRB1,6,7,2
20,GTEX-QCQG-0008-SM-48U2G skin female 50-59 years,0.00026986362087378306,4.220600465735196,34.68318036490544,CDKN1C;TSPAN15;CCND2;KCNQ1;CHST15;PLCG2;HLA-DRA;HLA-DQA2;HLA-DRB1;HLA-DQA1;HLA-DQB1,0.02174984303912523,GTEx_Tissue_Expression_Down,PLCG2;HLA-DRA;HLA-DQA2;HLA-DRB1;HLA-DQA1;HLA-DQB1,CDKN1C;TSPAN15;CCND2;KCNQ1;CHST15;HLA-DRA;HLA-DQA2;HLA-DRB1;HLA-DQA1;HLA-DQB1,HLA-DRA;HLA-DQA2;HLA-DRB1;HLA-DQA1;HLA-DQB1,6,10,5
23,GTEX-T5JW-0426-SM-4DM7M ovary female 20-29 years,0.00032317491010420914,7.3465855646830125,59.04683605154258,CDKN2B;CCND2;GIPR;IGF2BP2;NPAS1;EML2,0.022849814178922807,GTEx_Tissue_Expression_Down,GIPR;NPAS1;EML2,CDKN2B;CCND2;GIPR;IGF2BP2;NPAS1;EML2,GIPR;NPAS1;EML2,3,6,3
24,GTEX-X638-0008-SM-47JZ7 skin female 70-79 years,0.0003500365497694886,4.377755887043813,34.835874188653285,TSPAN15;KCNQ1;CHST15;PLCG2;HLA-DRA;HLA-DQA2;HLA-DRB1;HLA-DQB2;HLA-DQA1;HLA-DQB1,0.022849814178922807,GTEx_Tissue_Expression_Down,PLCG2;HLA-DRA;HLA-DQA2;HLA-DRB1;HLA-DQB2;HLA-DQA1;HLA-DQB1,TSPAN15;KCNQ1;CHST15;HLA-DRA;HLA-DQA2;HLA-DRB1;HLA-DQB2;HLA-DQA1;HLA-DQB1,HLA-DRA;HLA-DQA2;HLA-DRB1;HLA-DQB2;HLA-DQA1;HLA-DQB1,7,9,6
25,GTEX-T2IS-0011-R11A-SM-32QPC brain female 20-29 years,0.00035249880178174985,3.8529088913282106,30.632410873286187,CDKN1C;TOX2;GRN;SHARPIN;KCNQ1;SLC22A18;PLCG2;ALPK2;PVRL2;HLA-DRB1;HLA-DQA1;HLA-DQB1,0.022849814178922807,GTEx_Tissue_Expression_Down,GRN;SHARPIN;PLCG2;ALPK2;PVRL2;HLA-DRB1;HLA-DQA1;HLA-DQB1,CDKN1C;TOX2;KCNQ1;SLC22A18;HLA-DRB1;HLA-DQA1;HLA-DQB1,HLA-DRB1;HLA-DQA1;HLA-DQB1,8,7,3
26,GTEX-V1D1-2426-SM-3GAER muscle male 50-59 years,0.00035681391510630214,3.302786317279071,26.218495934081137,ATP8B4;GRN;GIPR;IDUA;QPCTL;TREM2;JADE2;LRRC16A;NPAS1;EML2;TOX2;CCND2;KCNQ1;SLC22A18;APOE;JAZF1,0.022849814178922807,GTEx_Tissue_Expression_Down,ATP8B4;GRN;GIPR;IDUA;QPCTL;TREM2;NPAS1;EML2;APOE;JAZF1,GIPR;QPCTL;JADE2;LRRC16A;NPAS1;EML2;TOX2;CCND2;KCNQ1;SLC22A18;JAZF1,GIPR;QPCTL;NPAS1;EML2;JAZF1,10,11,5
27,GTEX-QVJO-0008-SM-447AU skin female 60-69 years,0.00037126484644656757,3.6497796663519044,28.828130979273162,CDKN1C;GIPR;TSPAN15;CCND2;KCNQ1;CHST15;PLCG2;HLA-DRA;HLA-DQA2;HLA-DRB1;HLA-DQB2;HLA-DQA1;HLA-DQB1,0.022894665530871668,GTEx_Tissue_Expression_Down,GIPR;PLCG2;HLA-DRA;HLA-DQA2;HLA-DRB1;HLA-DQB2;HLA-DQA1;HLA-DQB1,CDKN1C;GIPR;TSPAN15;CCND2;KCNQ1;CHST15;HLA-DRA;HLA-DQA2;HLA-DRB1;HLA-DQB2;HLA-DQA1;HLA-DQB1,GIPR;HLA-DRA;HLA-DQA2;HLA-DRB1;HLA-DQB2;HLA-DQA1;HLA-DQB1,8,12,7
28,GTEX-NFK9-0008-SM-4E3JE skin male 40-49 years,0.0004393443996539639,3.579675174013921,27.67170147732725,CDKN1C;TREM2;CCND2;KCNQ1;CHST15;PLCG2;HLA-DRA;APOE;HLA-DQA2;HLA-DRB1;HLA-DQB2;HLA-DQA1;HLA-DQB1,0.02612530090799464,GTEx_Tissue_Expression_Down,TREM2;PLCG2;HLA-DRA;APOE;HLA-DQA2;HLA-DRB1;HLA-DQB2;HLA-DQA1;HLA-DQB1,CDKN1C;CCND2;KCNQ1;CHST15;HLA-DRA;HLA-DQA2;HLA-DRB1;HLA-DQB2;HLA-DQA1;HLA-DQB1,HLA-DRA;HLA-DQA2;HLA-DRB1;HLA-DQB2;HLA-DQA1;HLA-DQB1,9,10,6
31,GTEX-U8T8-0008-SM-4DXSP skin male 60-69 years,0.0006316462507982846,3.5888632477213487,26.43980531063803,CDKN1C;TSPAN15;GIPR;KCNQ1;CHST15;PLCG2;HLA-DRA;HLA-DQA2;HLA-DRB1;HLA-DQB2;HLA-DQA1;HLA-DQB1,0.03257678883029341,GTEx_Tissue_Expression_Down,GIPR;PLCG2;HLA-DRA;HLA-DQA2;HLA-DRB1;HLA-DQB2;HLA-DQA1;HLA-DQB1,CDKN1C;TSPAN15;GIPR;KCNQ1;CHST15;HLA-DRA;HLA-DQA2;HLA-DRB1;HLA-DQB2;HLA-DQA1;HLA-DQB1,GIPR;HLA-DRA;HLA-DQA2;HLA-DRB1;HLA-DQB2;HLA-DQA1;HLA-DQB1,8,11,7
29,GTEX-QDVN-0008-SM-48U2D skin male 50-59 years,0.0005824357417628761,3.826595744680851,28.501601298263125,TSPAN15;GIPR;KCNQ1;CHST15;PLCG2;HLA-DRA;HLA-DQA2;HLA-DRB1;HLA-DQB2;HLA-DQA1;HLA-DQB1,0.03257678883029341,GTEx_Tissue_Expression_Down,GIPR;PLCG2;HLA-DRA;HLA-DQA2;HLA-DRB1;HLA-DQB2;HLA-DQA1;HLA-DQB1,TSPAN15;GIPR;KCNQ1;CHST15;HLA-DRA;HLA-DQA2;HLA-DRB1;HLA-DQB2;HLA-DQA1;HLA-DQB1,GIPR;HLA-DRA;HLA-DQA2;HLA-DRB1;HLA-DQB2;HLA-DQA1;HLA-DQB1,8,10,7
32,GTEX-WEY5-0008-SM-4LMKC skin female 40-49 years,0.0006510989877867311,3.7715581883623277,27.671352441261977,TSPAN15;CCND2;KCNQ1;CHST15;PLCG2;HLA-DRA;HLA-DQA2;HLA-DRB1;HLA-DQB2;HLA-DQA1;HLA-DQB1,0.03257678883029341,GTEx_Tissue_Expression_Down,PLCG2;HLA-DRA;HLA-DQA2;HLA-DRB1;HLA-DQB2;HLA-DQA1;HLA-DQB1,TSPAN15;CCND2;KCNQ1;CHST15;HLA-DRA;HLA-DQA2;HLA-DRB1;HLA-DQB2;HLA-DQA1;HLA-DQB1,HLA-DRA;HLA-DQA2;HLA-DRB1;HLA-DQB2;HLA-DQA1;HLA-DQB1,7,10,6
33,GTEX-OIZH-1626-SM-2HMKI muscle male 50-59 years,0.0006670885026643441,2.813825561312608,20.57634656439664,ATP8B4;GRN;GIPR;IDUA;QPCTL;TREM2;JADE2;LRRC16A;NPAS1;EML2;TOX2;APH1B;CCND2;SNRPD2;KCNQ1;SLC22A18;HESX1;PLCG2;HLA-DRA;APOE;PVRL2;HLA-DRB1;PICALM,0.03257678883029341,GTEx_Tissue_Expression_Down,ATP8B4;GRN;GIPR;IDUA;QPCTL;TREM2;NPAS1;EML2;APH1B;SNRPD2;HESX1;PLCG2;HLA-DRA;APOE;PVRL2;HLA-DRB1;PICALM,GIPR;QPCTL;JADE2;LRRC16A;NPAS1;EML2;TOX2;CCND2;SNRPD2;KCNQ1;SLC22A18;HLA-DRA;HLA-DRB1,GIPR;QPCTL;NPAS1;EML2;SNRPD2;HLA-DRA;HLA-DRB1,17,13,7
30,GTEX-S3XE-2026-SM-3K2B5 muscle male 50-59 years,0.0006127503755119388,2.8515479298769115,21.09447672295325,ATP8B4;GRN;IDUA;QPCTL;TREM2;JADE2;NPAS1;EML2;TOX2;APH1B;SHARPIN;CCND2;SNRPD2;SLC22A18;HESX1;PLCG2;HLA-DRA;PVRL2;HLA-DQA2;HLA-DQB2;PICALM;JAZF1,0.03257678883029341,GTEx_Tissue_Expression_Down,ATP8B4;GRN;IDUA;QPCTL;TREM2;NPAS1;EML2;APH1B;SHARPIN;SNRPD2;HESX1;PLCG2;HLA-DRA;PVRL2;HLA-DQA2;HLA-DQB2;PICALM;JAZF1,QPCTL;JADE2;NPAS1;EML2;TOX2;CCND2;SNRPD2;SLC22A18;HLA-DRA;HLA-DQA2;HLA-DQB2;JAZF1,QPCTL;NPAS1;EML2;SNRPD2;HLA-DRA;HLA-DQA2;HLA-DQB2;JAZF1,18,12,8
35,GTEX-SN8G-0008-SM-4DM4X skin female 50-59 years,0.0007114630788935282,3.53636199806681,25.632213180886904,CDKN1C;TSPAN15;GIPR;KCNQ1;CHST15;PLCG2;HLA-DRA;HLA-DQA2;HLA-DRB1;HLA-DQB2;HLA-DQA1;HLA-DQB1,0.03257678883029341,GTEx_Tissue_Expression_Down,GIPR;PLCG2;HLA-DRA;HLA-DQA2;HLA-DRB1;HLA-DQB2;HLA-DQA1;HLA-DQB1,CDKN1C;TSPAN15;GIPR;KCNQ1;CHST15;HLA-DRA;HLA-DQA2;HLA-DRB1;HLA-DQB2;HLA-DQA1;HLA-DQB1,GIPR;HLA-DRA;HLA-DQA2;HLA-DRB1;HLA-DQB2;HLA-DQA1;HLA-DQB1,8,11,7
36,GTEX-S341-0826-SM-4AD73 fallopian tube female 40-49 years,0.0007283099938494111,18.871518987341773,136.34264437191746,NPAS1;HLA-DQA2;HLA-DQB2,0.03257678883029341,GTEx_Tissue_Expression_Down,NPAS1;HLA-DQA2;HLA-DQB2,NPAS1;HLA-DQA2;HLA-DQB2,NPAS1;HLA-DQA2;HLA-DQB2,3,3,3
37,GTEX-OXRL-0008-SM-3NB29 skin male 50-59 years,0.0007578748269685305,3.508662339563711,25.209711969847984,CDKN1C;TSPAN15;KCNQ1;CHST15;PLCG2;HLA-DRA;TREM2;HLA-DQA2;HLA-DRB1;HLA-DQB2;HLA-DQA1;HLA-DQB1,0.03257678883029341,GTEx_Tissue_Expression_Down,PLCG2;HLA-DRA;TREM2;HLA-DQA2;HLA-DRB1;HLA-DQB2;HLA-DQA1;HLA-DQB1,CDKN1C;TSPAN15;KCNQ1;CHST15;HLA-DRA;HLA-DQA2;HLA-DRB1;HLA-DQB2;HLA-DQA1;HLA-DQB1,HLA-DRA;HLA-DQA2;HLA-DRB1;HLA-DQB2;HLA-DQA1;HLA-DQB1,8,10,6
38,GTEX-XBED-0008-SM-47JWO skin male 60-69 years,0.000758254427024228,3.9379064133622337,28.2918554418151,TSPAN15;TOX2;KCNQ1;CHST15;PLCG2;HLA-DRA;HLA-DRB1;HLA-DQB2;HLA-DQA1;HLA-DQB1,0.03257678883029341,GTEx_Tissue_Expression_Down,PLCG2;HLA-DRA;HLA-DRB1;HLA-DQB2;HLA-DQA1;HLA-DQB1,TSPAN15;TOX2;KCNQ1;CHST15;HLA-DRA;HLA-DRB1;HLA-DQB2;HLA-DQA1;HLA-DQB1,HLA-DRA;HLA-DRB1;HLA-DQB2;HLA-DQA1;HLA-DQB1,6,9,5
39,GTEX-PVOW-2626-SM-32PL8 brain male 40-49 years,0.0007630599185474132,3.694047969393761,26.51651908701805,TOX2;GRN;SHARPIN;SNRPD2;KCNQ1;SLC22A18;HLA-DRA;HLA-DQA2;HLA-DRB1;HLA-DQA1;HLA-DQB1,0.03257678883029341,GTEx_Tissue_Expression_Down,GRN;SHARPIN;SNRPD2;HLA-DRA;HLA-DQA2;HLA-DRB1;HLA-DQA1;HLA-DQB1,TOX2;SNRPD2;KCNQ1;SLC22A18;HLA-DRA;HLA-DQA2;HLA-DRB1;HLA-DQA1;HLA-DQB1,SNRPD2;HLA-DRA;HLA-DQA2;HLA-DRB1;HLA-DQA1;HLA-DQB1,8,9,6
34,GTEX-T6MN-0008-SM-4DM7H skin male 50-59 years,0.0006923232543831534,3.5483542306870657,25.81590068703956,CDKN1C;TSPAN15;GIPR;KCNQ1;CHST15;PLCG2;HLA-DRA;HLA-DQA2;HLA-DRB1;HLA-DQB2;HLA-DQA1;HLA-DQB1,0.03257678883029341,GTEx_Tissue_Expression_Down,GIPR;PLCG2;HLA-DRA;HLA-DQA2;HLA-DRB1;HLA-DQB2;HLA-DQA1;HLA-DQB1,CDKN1C;TSPAN15;GIPR;KCNQ1;CHST15;HLA-DRA;HLA-DQA2;HLA-DRB1;HLA-DQB2;HLA-DQA1;HLA-DQB1,GIPR;HLA-DRA;HLA-DQA2;HLA-DRB1;HLA-DQB2;HLA-DQA1;HLA-DQB1,8,11,7
51,GTEX-TKQ2-0826-SM-33HB6 muscle male 50-59 years,0.001016523816394623,2.7394362472896505,18.878459170767098,GRN;IDUA;ZC3H4;QPCTL;TREM2;JADE2;LRRC16A;NPAS1;EML2;TOX2;SHARPIN;CCND2;SNRPD2;SLC22A18;HESX1;CHST15;APOE;PVRL2;HLA-DQB2;PICALM;JAZF1,0.03314348290586192,GTEx_Tissue_Expression_Down,GRN;IDUA;ZC3H4;QPCTL;TREM2;NPAS1;EML2;SHARPIN;SNRPD2;HESX1;APOE;PVRL2;HLA-DQB2;PICALM;JAZF1,ZC3H4;QPCTL;JADE2;LRRC16A;NPAS1;EML2;TOX2;CCND2;SNRPD2;SLC22A18;CHST15;HLA-DQB2;JAZF1,ZC3H4;QPCTL;NPAS1;EML2;SNRPD2;HLA-DQB2;JAZF1,15,13,7
52,GTEX-N7MT-1226-SM-2D7W4 brain female 60-69 years,0.0010351117784413333,3.7694112845628,25.908090504759,CDKN1C;GRN;SLC22A18;PLCG2;HLA-DRA;ALPK2;HLA-DRB1;HLA-DQB2;HLA-DQA1;HLA-DQB1,0.03314348290586192,GTEx_Tissue_Expression_Down,GRN;PLCG2;HLA-DRA;ALPK2;HLA-DRB1;HLA-DQB2;HLA-DQA1;HLA-DQB1,CDKN1C;SLC22A18;HLA-DRA;HLA-DRB1;HLA-DQB2;HLA-DQA1;HLA-DQB1,HLA-DRA;HLA-DRB1;HLA-DQB2;HLA-DQA1;HLA-DQB1,8,7,5
50,GTEX-XGQ4-0008-SM-4AT3Z skin male 50-59 years,0.0010120271829418502,3.558535978384528,24.538951858359493,CDKN1C;TSPAN15;KCNQ1;CHST15;PLCG2;HLA-DRA;HLA-DQA2;HLA-DRB1;HLA-DQB2;HLA-DQA1;HLA-DQB1,0.03314348290586192,GTEx_Tissue_Expression_Down,PLCG2;HLA-DRA;HLA-DQA2;HLA-DRB1;HLA-DQB2;HLA-DQA1;HLA-DQB1,CDKN1C;TSPAN15;KCNQ1;CHST15;HLA-DRA;HLA-DQA2;HLA-DRB1;HLA-DQB2;HLA-DQA1;HLA-DQB1,HLA-DRA;HLA-DQA2;HLA-DRB1;HLA-DQB2;HLA-DQA1;HLA-DQB1,7,10,6
43,GTEX-RVPU-2426-SM-2XCAR muscle male 50-59 years,0.0008846519811436926,2.7763326567674396,19.518496542141847,ATP8B4;GRN;GIPR;IDUA;QPCTL;TREM2;LRRC16A;NPAS1;EML2;TOX2;APH1B;SHARPIN;CCND2;KCNQ1;SLC22A18;PLCG2;APOE;PVRL2;HLA-DQB2;PICALM;JAZF1,0.03314348290586192,GTEx_Tissue_Expression_Down,ATP8B4;GRN;GIPR;IDUA;QPCTL;TREM2;NPAS1;EML2;APH1B;SHARPIN;PLCG2;APOE;PVRL2;HLA-DQB2;PICALM;JAZF1,GIPR;QPCTL;LRRC16A;NPAS1;EML2;TOX2;CCND2;KCNQ1;SLC22A18;HLA-DQB2;JAZF1,GIPR;QPCTL;NPAS1;EML2;HLA-DQB2;JAZF1,16,11,6
48,GTEX-QEL4-0626-SM-3GIJM muscle male 50-59 years,0.000987935599084154,2.77391852047942,19.195219478521928,ATP8B4;GRN;GIPR;IDUA;QPCTL;TREM2;JADE2;LRRC16A;NPAS1;EML2;TOX2;APH1B;CCND2;SNRPD2;KCNQ1;SLC22A18;HESX1;APOE;PICALM;JAZF1,0.03314348290586192,GTEx_Tissue_Expression_Down,ATP8B4;GRN;GIPR;IDUA;QPCTL;TREM2;NPAS1;EML2;APH1B;SNRPD2;HESX1;APOE;PICALM;JAZF1,GIPR;QPCTL;JADE2;LRRC16A;NPAS1;EML2;TOX2;CCND2;SNRPD2;KCNQ1;SLC22A18;JAZF1,GIPR;QPCTL;NPAS1;EML2;SNRPD2;JAZF1,14,12,6
47,GTEX-QV44-0008-SM-447AX skin male 50-59 years,0.0009610589612357118,3.583106754436176,24.8935438708062,CDKN1C;TSPAN15;KCNQ1;CHST15;PLCG2;HLA-DRA;HLA-DQA2;HLA-DRB1;HLA-DQB2;HLA-DQA1;HLA-DQB1,0.03314348290586192,GTEx_Tissue_Expression_Down,PLCG2;HLA-DRA;HLA-DQA2;HLA-DRB1;HLA-DQB2;HLA-DQA1;HLA-DQB1,CDKN1C;TSPAN15;KCNQ1;CHST15;HLA-DRA;HLA-DQA2;HLA-DRB1;HLA-DQB2;HLA-DQA1;HLA-DQB1,HLA-DRA;HLA-DQA2;HLA-DRB1;HLA-DQB2;HLA-DQA1;HLA-DQB1,7,10,6
46,GTEX-TML8-0008-SM-4DXUI skin female 40-49 years,0.000943066078644721,3.5921184738955825,25.024041477820777,CDKN1C;TSPAN15;KCNQ1;CHST15;PLCG2;HLA-DRA;HLA-DQA2;HLA-DRB1;HLA-DQB2;HLA-DQA1;HLA-DQB1,0.03314348290586192,GTEx_Tissue_Expression_Down,PLCG2;HLA-DRA;HLA-DQA2;HLA-DRB1;HLA-DQB2;HLA-DQA1;HLA-DQB1,CDKN1C;TSPAN15;KCNQ1;CHST15;HLA-DRA;HLA-DQA2;HLA-DRB1;HLA-DQB2;HLA-DQA1;HLA-DQB1,HLA-DRA;HLA-DQA2;HLA-DRB1;HLA-DQB2;HLA-DQA1;HLA-DQB1,7,10,6
45,GTEX-SIU7-1126-SM-2XCDW thyroid male 50-59 years,0.0009277437091919496,5.967137592137592,41.667060088480405,ATP8B4;GIPR;IL17RD;HLA-DRB1;HLA-DQA1;HLA-DQB1,0.03314348290586192,GTEx_Tissue_Expression_Down,ATP8B4;GIPR;IL17RD;HLA-DRB1;HLA-DQA1;HLA-DQB1,GIPR;HLA-DRB1;HLA-DQA1;HLA-DQB1,GIPR;HLA-DRB1;HLA-DQA1;HLA-DQB1,6,4,4
44,GTEX-XBEW-0008-SM-4AT3Y skin male 40-49 years,0.000918629920559599,3.833478423081706,26.806085548166852,TSPAN15;KCNQ1;CHST15;PLCG2;HLA-DRA;HLA-DQA2;HLA-DRB1;HLA-DQB2;HLA-DQA1;HLA-DQB1,0.03314348290586192,GTEx_Tissue_Expression_Down,PLCG2;HLA-DRA;HLA-DQA2;HLA-DRB1;HLA-DQB2;HLA-DQA1;HLA-DQB1,TSPAN15;KCNQ1;CHST15;HLA-DRA;HLA-DQA2;HLA-DRB1;HLA-DQB2;HLA-DQA1;HLA-DQB1,HLA-DRA;HLA-DQA2;HLA-DRB1;HLA-DQB2;HLA-DQA1;HLA-DQB1,7,9,6
42,GTEX-OXRK-0008-SM-3NB28 skin female 50-59 years,0.0008660226123900201,3.450603336378059,24.33227289413566,CDKN1C;TSPAN15;KCNQ1;CHST15;PLCG2;HLA-DRA;TREM2;HLA-DQA2;HLA-DRB1;HLA-DQB2;HLA-DQA1;HLA-DQB1,0.03314348290586192,GTEx_Tissue_Expression_Down,PLCG2;HLA-DRA;TREM2;HLA-DQA2;HLA-DRB1;HLA-DQB2;HLA-DQA1;HLA-DQB1,CDKN1C;TSPAN15;KCNQ1;CHST15;HLA-DRA;HLA-DQA2;HLA-DRB1;HLA-DQB2;HLA-DQA1;HLA-DQB1,HLA-DRA;HLA-DQA2;HLA-DRB1;HLA-DQB2;HLA-DQA1;HLA-DQB1,8,10,6
41,GTEX-QV31-0008-SM-447AT skin male 30-39 years,0.000832853243608483,3.651718112987769,25.893066392727032,TSPAN15;CCND2;KCNQ1;CHST15;PLCG2;HLA-DRA;HLA-DQA2;HLA-DRB1;HLA-DQB2;HLA-DQA1;HLA-DQB1,0.03314348290586192,GTEx_Tissue_Expression_Down,PLCG2;HLA-DRA;HLA-DQA2;HLA-DRB1;HLA-DQB2;HLA-DQA1;HLA-DQB1,TSPAN15;CCND2;KCNQ1;CHST15;HLA-DRA;HLA-DQA2;HLA-DRB1;HLA-DQB2;HLA-DQA1;HLA-DQB1,HLA-DRA;HLA-DQA2;HLA-DRB1;HLA-DQB2;HLA-DQA1;HLA-DQB1,7,10,6
40,GTEX-X4XX-0008-SM-46MVK skin male 60-69 years,0.0008045689301770682,3.90544273634044,27.827075872575435,TSPAN15;KCNQ1;CHST15;PLCG2;HLA-DRA;HLA-DQA2;HLA-DRB1;HLA-DQB2;HLA-DQA1;HLA-DQB1,0.03314348290586192,GTEx_Tissue_Expression_Down,PLCG2;HLA-DRA;HLA-DQA2;HLA-DRB1;HLA-DQB2;HLA-DQA1;HLA-DQB1,TSPAN15;KCNQ1;CHST15;HLA-DRA;HLA-DQA2;HLA-DRB1;HLA-DQB2;HLA-DQA1;HLA-DQB1,HLA-DRA;HLA-DQA2;HLA-DRB1;HLA-DQB2;HLA-DQA1;HLA-DQB1,7,9,6
49,GTEX-R55F-1526-SM-2TF4X muscle male 50-59 years,0.0010092727243213103,2.8023487261146496,19.332073537306577,ATP8B4;GRN;GIPR;IDUA;QPCTL;TREM2;JADE2;LRRC16A;NPAS1;EML2;APH1B;CCND2;KCNQ1;SLC22A18;HESX1;HLA-DRA;HLA-DQA2;PICALM;JAZF1,0.03314348290586192,GTEx_Tissue_Expression_Down,ATP8B4;GRN;GIPR;IDUA;QPCTL;TREM2;NPAS1;EML2;APH1B;HESX1;HLA-DRA;HLA-DQA2;PICALM;JAZF1,GIPR;QPCTL;JADE2;LRRC16A;NPAS1;EML2;CCND2;KCNQ1;SLC22A18;HLA-DRA;HLA-DQA2;JAZF1,GIPR;QPCTL;NPAS1;EML2;HLA-DRA;HLA-DQA2;JAZF1,14,12,7
53,GTEX-QDT8-0011-R10A-SM-32PKG brain female 30-39 years,0.0011118161004313475,3.7313764732043584,25.379929009577396,GRN;SHARPIN;KCNQ1;HLA-DRA;ALPK2;IGF2BP2;PVRL2;HLA-DRB1;HLA-DQA1;HLA-DQB1,0.03455768427678104,GTEx_Tissue_Expression_Down,GRN;SHARPIN;HLA-DRA;ALPK2;PVRL2;HLA-DRB1;HLA-DQA1;HLA-DQB1,KCNQ1;HLA-DRA;IGF2BP2;HLA-DRB1;HLA-DQA1;HLA-DQB1,HLA-DRA;HLA-DRB1;HLA-DQA1;HLA-DQB1,8,6,4
54,GTEX-XUW1-0008-SM-4BOQH skin female 50-59 years,0.001134574778835982,3.7206395290227627,25.23150707825555,TSPAN15;KCNQ1;CHST15;PLCG2;HLA-DRA;HLA-DQA2;HLA-DRB1;HLA-DQB2;HLA-DQA1;HLA-DQB1,0.03455768427678104,GTEx_Tissue_Expression_Down,PLCG2;HLA-DRA;HLA-DQA2;HLA-DRB1;HLA-DQB2;HLA-DQA1;HLA-DQB1,TSPAN15;KCNQ1;CHST15;HLA-DRA;HLA-DQA2;HLA-DRB1;HLA-DQB2;HLA-DQA1;HLA-DQB1,HLA-DRA;HLA-DQA2;HLA-DRB1;HLA-DQB2;HLA-DQA1;HLA-DQB1,7,9,6
55,GTEX-TKQ2-0008-SM-4DM5L skin male 50-59 years,0.0011415451262600344,3.501664097533632,23.72507884200447,CDKN1C;GIPR;KCNQ1;CHST15;PLCG2;HLA-DRA;HLA-DQA2;HLA-DRB1;HLA-DQB2;HLA-DQA1;HLA-DQB1,0.03455768427678104,GTEx_Tissue_Expression_Down,GIPR;PLCG2;HLA-DRA;HLA-DQA2;HLA-DRB1;HLA-DQB2;HLA-DQA1;HLA-DQB1,CDKN1C;GIPR;KCNQ1;CHST15;HLA-DRA;HLA-DQA2;HLA-DRB1;HLA-DQB2;HLA-DQA1;HLA-DQB1,GIPR;HLA-DRA;HLA-DQA2;HLA-DRB1;HLA-DQB2;HLA-DQA1;HLA-DQB1,8,10,7
56,GTEX-WH7G-0008-SM-4LVNM skin male 40-49 years,0.001239084989834437,3.4632526359600444,23.180873143059745,TSPAN15;KCNQ1;CHST15;PLCG2;HLA-DRA;TREM2;HLA-DQA2;HLA-DRB1;HLA-DQB2;HLA-DQA1;HLA-DQB1,0.03684065192989888,GTEx_Tissue_Expression_Down,PLCG2;HLA-DRA;TREM2;HLA-DQA2;HLA-DRB1;HLA-DQB2;HLA-DQA1;HLA-DQB1,TSPAN15;KCNQ1;CHST15;HLA-DRA;HLA-DQA2;HLA-DRB1;HLA-DQB2;HLA-DQA1;HLA-DQB1,HLA-DRA;HLA-DQA2;HLA-DRB1;HLA-DQB2;HLA-DQA1;HLA-DQB1,8,9,6
59,GTEX-N7MS-0008-SM-4E3JI skin male 60-69 years,0.0013142063510087757,3.141711451012815,20.84375477901304,CDKN1C;ATP8B4;TREM2;CCND2;KCNQ1;CHST15;PLCG2;HLA-DRA;HLA-DQA2;HLA-DRB1;HLA-DQB2;HLA-DQA1;HLA-DQB1,0.03708734871914596,GTEx_Tissue_Expression_Down,ATP8B4;TREM2;PLCG2;HLA-DRA;HLA-DQA2;HLA-DRB1;HLA-DQB2;HLA-DQA1;HLA-DQB1,CDKN1C;CCND2;KCNQ1;CHST15;HLA-DRA;HLA-DQA2;HLA-DRB1;HLA-DQB2;HLA-DQA1;HLA-DQB1,HLA-DRA;HLA-DQA2;HLA-DRB1;HLA-DQB2;HLA-DQA1;HLA-DQB1,9,10,6
57,GTEX-VUSG-0008-SM-4KL24 skin male 50-59 years,0.0013049085935327145,3.647051837776854,24.22234075642871,TSPAN15;GIPR;KCNQ1;CHST15;PLCG2;HLA-DRA;HLA-DQA2;HLA-DRB1;HLA-DQA1;HLA-DQB1,0.03708734871914596,GTEx_Tissue_Expression_Down,GIPR;PLCG2;HLA-DRA;HLA-DQA2;HLA-DRB1;HLA-DQA1;HLA-DQB1,TSPAN15;GIPR;KCNQ1;CHST15;HLA-DRA;HLA-DQA2;HLA-DRB1;HLA-DQA1;HLA-DQB1,GIPR;HLA-DRA;HLA-DQA2;HLA-DRB1;HLA-DQA1;HLA-DQB1,7,9,6
58,GTEX-WFG8-2426-SM-3GILL muscle male 20-29 years,0.0013128495296162576,2.768477785870357,18.370387419143267,ATP8B4;GRN;GIPR;IDUA;ZC3H4;QPCTL;TREM2;JADE2;LRRC16A;EML2;TOX2;SHARPIN;CCND2;KCNQ1;APOE;PVRL2;HLA-DQA1;HLA-DQB1,0.03708734871914596,GTEx_Tissue_Expression_Down,ATP8B4;GRN;GIPR;IDUA;ZC3H4;QPCTL;TREM2;EML2;SHARPIN;APOE;PVRL2;HLA-DQA1;HLA-DQB1,GIPR;ZC3H4;QPCTL;JADE2;LRRC16A;EML2;TOX2;CCND2;KCNQ1;HLA-DQA1;HLA-DQB1,GIPR;ZC3H4;QPCTL;EML2;HLA-DQA1;HLA-DQB1,13,11,6
60,GTEX-S95S-0008-SM-4AT5M skin male 60-69 years,0.001384093870635243,3.616331821127673,23.805262190237407,CDKN1C;TSPAN15;KCNQ1;CHST15;PLCG2;HLA-DRA;HLA-DRB1;HLA-DQB2;HLA-DQA1;HLA-DQB1,0.03840860491012799,GTEx_Tissue_Expression_Down,PLCG2;HLA-DRA;HLA-DRB1;HLA-DQB2;HLA-DQA1;HLA-DQB1,CDKN1C;TSPAN15;KCNQ1;CHST15;HLA-DRA;HLA-DRB1;HLA-DQB2;HLA-DQA1;HLA-DQB1,HLA-DRA;HLA-DRB1;HLA-DQB2;HLA-DQA1;HLA-DQB1,6,9,5
61,GTEX-PX3G-0008-SM-48U2L skin female 20-29 years,0.00150883900173023,2.9019866789159394,18.852509201362935,CDKN1C;ATP8B4;IDUA;TREM2;TSPAN15;CCND2;KCNQ1;CHST15;PLCG2;HLA-DRA;HLA-DQA2;HLA-DRB1;HLA-DQB2;HLA-DQA1;HLA-DQB1,0.03999809723529782,GTEx_Tissue_Expression_Down,ATP8B4;IDUA;TREM2;PLCG2;HLA-DRA;HLA-DQA2;HLA-DRB1;HLA-DQB2;HLA-DQA1;HLA-DQB1,CDKN1C;TSPAN15;CCND2;KCNQ1;CHST15;HLA-DRA;HLA-DQA2;HLA-DRB1;HLA-DQB2;HLA-DQA1;HLA-DQB1,HLA-DRA;HLA-DQA2;HLA-DRB1;HLA-DQB2;HLA-DQA1;HLA-DQB1,10,11,6
66,GTEX-Q2AI-1526-SM-3GIJ3 muscle male 40-49 years,0.001585510160678472,2.676132206613989,17.252620388616766,GRN;GIPR;IDUA;ZC3H4;QPCTL;TREM2;NPAS1;EML2;TOX2;APH1B;SHARPIN;CCND2;SNRPD2;SLC22A18;HESX1;APOE;PVRL2;HLA-DRB1;PICALM,0.03999809723529782,GTEx_Tissue_Expression_Down,GRN;GIPR;IDUA;ZC3H4;QPCTL;TREM2;NPAS1;EML2;APH1B;SHARPIN;SNRPD2;HESX1;APOE;PVRL2;HLA-DRB1;PICALM,GIPR;ZC3H4;QPCTL;NPAS1;EML2;TOX2;CCND2;SNRPD2;SLC22A18;HLA-DRB1,GIPR;ZC3H4;QPCTL;NPAS1;EML2;SNRPD2;HLA-DRB1,16,10,7
65,GTEX-TSE9-0008-SM-4DXT8 skin female 60-69 years,0.001584336661294421,3.54647686283587,22.866226874564664,TSPAN15;KCNQ1;CHST15;PLCG2;HLA-DRA;HLA-DQA2;HLA-DRB1;HLA-DQB2;HLA-DQA1;HLA-DQB1,0.03999809723529782,GTEx_Tissue_Expression_Down,PLCG2;HLA-DRA;HLA-DQA2;HLA-DRB1;HLA-DQB2;HLA-DQA1;HLA-DQB1,TSPAN15;KCNQ1;CHST15;HLA-DRA;HLA-DQA2;HLA-DRB1;HLA-DQB2;HLA-DQA1;HLA-DQB1,HLA-DRA;HLA-DQA2;HLA-DRB1;HLA-DQB2;HLA-DQA1;HLA-DQB1,7,9,6
64,GTEX-R45C-0008-SM-48FF2 skin female 60-69 years,0.0015742779959055208,3.3524885506465516,21.636822068474025,CDKN1C;TSPAN15;CCND2;KCNQ1;CHST15;PLCG2;HLA-DRA;HLA-DQA2;HLA-DRB1;HLA-DQA1;HLA-DQB1,0.03999809723529782,GTEx_Tissue_Expression_Down,PLCG2;HLA-DRA;HLA-DQA2;HLA-DRB1;HLA-DQA1;HLA-DQB1,CDKN1C;TSPAN15;CCND2;KCNQ1;CHST15;HLA-DRA;HLA-DQA2;HLA-DRB1;HLA-DQA1;HLA-DQB1,HLA-DRA;HLA-DQA2;HLA-DRB1;HLA-DQA1;HLA-DQB1,6,10,5
63,GTEX-OIZG-0008-SM-4E3J2 skin male 50-59 years,0.0015694188091417793,3.073573938902406,19.846220336071795,CDKN1C;TREM2;CCND2;KCNQ1;HESX1;CHST15;PLCG2;HLA-DRA;HLA-DQA2;HLA-DRB1;HLA-DQB2;HLA-DQA1;HLA-DQB1,0.03999809723529782,GTEx_Tissue_Expression_Down,TREM2;HESX1;PLCG2;HLA-DRA;HLA-DQA2;HLA-DRB1;HLA-DQB2;HLA-DQA1;HLA-DQB1,CDKN1C;CCND2;KCNQ1;CHST15;HLA-DRA;HLA-DQA2;HLA-DRB1;HLA-DQB2;HLA-DQA1;HLA-DQB1,HLA-DRA;HLA-DQA2;HLA-DRB1;HLA-DQB2;HLA-DQA1;HLA-DQB1,9,10,6
62,GTEX-PWOO-0008-SM-48TDU skin female 40-49 years,0.0015160540513439818,3.2127589213239935,20.856088262503448,TSPAN15;CCND2;GIPR;KCNQ1;CHST15;PLCG2;HLA-DRA;HLA-DQA2;HLA-DRB1;HLA-DQB2;HLA-DQA1;HLA-DQB1,0.03999809723529782,GTEx_Tissue_Expression_Down,GIPR;PLCG2;HLA-DRA;HLA-DQA2;HLA-DRB1;HLA-DQB2;HLA-DQA1;HLA-DQB1,TSPAN15;CCND2;GIPR;KCNQ1;CHST15;HLA-DRA;HLA-DQA2;HLA-DRB1;HLA-DQB2;HLA-DQA1;HLA-DQB1,GIPR;HLA-DRA;HLA-DQA2;HLA-DRB1;HLA-DQB2;HLA-DQA1;HLA-DQB1,8,11,7
67,GTEX-T2IS-0008-SM-4DM75 skin female 20-29 years,0.0016147915658334345,3.5367003367003367,22.735852799322977,CDKN1C;KCNQ1;CHST15;PLCG2;HLA-DRA;HLA-DQA2;HLA-DRB1;HLA-DQB2;HLA-DQA1;HLA-DQB1,0.040089669036966175,GTEx_Tissue_Expression_Down,PLCG2;HLA-DRA;HLA-DQA2;HLA-DRB1;HLA-DQB2;HLA-DQA1;HLA-DQB1,CDKN1C;KCNQ1;CHST15;HLA-DRA;HLA-DQA2;HLA-DRB1;HLA-DQB2;HLA-DQA1;HLA-DQB1,HLA-DRA;HLA-DQA2;HLA-DRB1;HLA-DQB2;HLA-DQA1;HLA-DQB1,7,9,6
68,GTEX-UJHI-0008-SM-4IHL1 skin female 50-59 years,0.0016510302341001572,3.3307110337439743,21.337719954523138,TSPAN15;CCND2;KCNQ1;CHST15;PLCG2;HLA-DRA;TREM2;HLA-DQA2;HLA-DRB1;HLA-DQA1;HLA-DQB1,0.040089669036966175,GTEx_Tissue_Expression_Down,PLCG2;HLA-DRA;TREM2;HLA-DQA2;HLA-DRB1;HLA-DQA1;HLA-DQB1,TSPAN15;CCND2;KCNQ1;CHST15;HLA-DRA;HLA-DQA2;HLA-DRB1;HLA-DQA1;HLA-DQB1,HLA-DRA;HLA-DQA2;HLA-DRB1;HLA-DQA1;HLA-DQB1,7,9,5
69,GTEX-W5WG-0008-SM-4KL25 skin female 50-59 years,0.0016613736718022018,3.5221283039119853,22.542010360220157,TSPAN15;KCNQ1;CHST15;PLCG2;HLA-DRA;HLA-DQA2;HLA-DRB1;HLA-DQB2;HLA-DQA1;HLA-DQB1,0.040089669036966175,GTEx_Tissue_Expression_Down,PLCG2;HLA-DRA;HLA-DQA2;HLA-DRB1;HLA-DQB2;HLA-DQA1;HLA-DQB1,TSPAN15;KCNQ1;CHST15;HLA-DRA;HLA-DQA2;HLA-DRB1;HLA-DQB2;HLA-DQA1;HLA-DQB1,HLA-DRA;HLA-DQA2;HLA-DRB1;HLA-DQB2;HLA-DQA1;HLA-DQB1,7,9,6
70,GTEX-Q734-0008-SM-48U2I skin female 40-49 years,0.0016930365336452727,3.5124749067966734,22.413915858318948,TSPAN15;KCNQ1;CHST15;PLCG2;HLA-DRA;HLA-DQA2;HLA-DRB1;HLA-DQB2;HLA-DQA1;HLA-DQB1,0.04027008326456256,GTEx_Tissue_Expression_Down,PLCG2;HLA-DRA;HLA-DQA2;HLA-DRB1;HLA-DQB2;HLA-DQA1;HLA-DQB1,TSPAN15;KCNQ1;CHST15;HLA-DRA;HLA-DQA2;HLA-DRB1;HLA-DQB2;HLA-DQA1;HLA-DQB1,HLA-DRA;HLA-DQA2;HLA-DRB1;HLA-DQB2;HLA-DQA1;HLA-DQB1,7,9,6
73,GTEX-RU72-0011-R11A-SM-2TF6J brain female 50-59 years,0.001824677809103842,3.474343686710957,21.910433737927974,CDKN2B;GRN;KCNQ1;SLC22A18;CHST15;PLCG2;PVRL2;HLA-DQA2;HLA-DRB1;HLA-DQB2,0.040916308004302925,GTEx_Tissue_Expression_Down,GRN;PLCG2;PVRL2;HLA-DQA2;HLA-DRB1;HLA-DQB2,CDKN2B;KCNQ1;SLC22A18;CHST15;HLA-DQA2;HLA-DRB1;HLA-DQB2,HLA-DQA2;HLA-DRB1;HLA-DQB2,6,7,3
77,GTEX-XMD1-0011-R11A-SM-4AT5J brain male 60-69 years,0.0018922256554542495,2.906060863342511,18.22100610957139,CDKN1C;CDKN2B;GRN;GIPR;SHARPIN;CCND2;SLC22A18;CHST15;PLCG2;HLA-DRA;ALPK2;PVRL2;HLA-DQA2;HLA-DQB2,0.040916308004302925,GTEx_Tissue_Expression_Down,GRN;GIPR;SHARPIN;PLCG2;HLA-DRA;ALPK2;PVRL2;HLA-DQA2;HLA-DQB2,CDKN1C;CDKN2B;GIPR;CCND2;SLC22A18;CHST15;HLA-DRA;HLA-DQA2;HLA-DQB2,GIPR;HLA-DRA;HLA-DQA2;HLA-DQB2,9,9,4
76,GTEX-R55E-0008-SM-48FCG skin male 20-29 years,0.0018845220974172464,3.1228034178012924,19.592721651093647,CDKN1C;TSPAN15;CCND2;KCNQ1;CHST15;PLCG2;HLA-DRA;TREM2;HLA-DQA2;HLA-DRB1;HLA-DQA1;HLA-DQB1,0.040916308004302925,GTEx_Tissue_Expression_Down,PLCG2;HLA-DRA;TREM2;HLA-DQA2;HLA-DRB1;HLA-DQA1;HLA-DQB1,CDKN1C;TSPAN15;CCND2;KCNQ1;CHST15;HLA-DRA;HLA-DQA2;HLA-DRB1;HLA-DQA1;HLA-DQB1,HLA-DRA;HLA-DQA2;HLA-DRB1;HLA-DQA1;HLA-DQB1,7,10,5
75,GTEX-S341-1826-SM-3K2AB muscle female 40-49 years,0.0018651981292520721,2.8316085489313836,17.79492677428967,ATP8B4;GRN;IDUA;QPCTL;LRRC16A;NPAS1;EML2;TOX2;CCND2;SLC22A18;IGF2BP2;PVRL2;HLA-DQB2;PICALM;JAZF1,0.040916308004302925,GTEx_Tissue_Expression_Down,ATP8B4;GRN;IDUA;QPCTL;NPAS1;EML2;PVRL2;HLA-DQB2;PICALM;JAZF1,QPCTL;LRRC16A;NPAS1;EML2;TOX2;CCND2;SLC22A18;IGF2BP2;HLA-DQB2;JAZF1,QPCTL;NPAS1;EML2;HLA-DQB2;JAZF1,10,10,5
71,GTEX-S4P3-1626-SM-3K2AZ muscle female 50-59 years,0.001748945101928072,2.648945630081301,16.81747362692461,ATP8B4;GRN;GIPR;IDUA;ZC3H4;QPCTL;LRRC16A;NPAS1;EML2;APH1B;CCND2;SLC22A18;HESX1;PLCG2;IGF2BP2;PVRL2;HLA-DQB2;PICALM;JAZF1,0.040916308004302925,GTEx_Tissue_Expression_Down,ATP8B4;GRN;GIPR;IDUA;ZC3H4;QPCTL;NPAS1;EML2;APH1B;HESX1;PLCG2;PVRL2;HLA-DQB2;PICALM;JAZF1,GIPR;ZC3H4;QPCTL;LRRC16A;NPAS1;EML2;CCND2;SLC22A18;IGF2BP2;HLA-DQB2;JAZF1,GIPR;ZC3H4;QPCTL;NPAS1;EML2;HLA-DQB2;JAZF1,15,11,7
72,GTEX-TMZS-0008-SM-47JWM skin male 60-69 years,0.0017993768867856656,3.4814351272423862,22.003766127128575,CDKN1C;KCNQ1;CHST15;PLCG2;HLA-DRA;HLA-DQA2;HLA-DRB1;HLA-DQB2;HLA-DQA1;HLA-DQB1,0.040916308004302925,GTEx_Tissue_Expression_Down,PLCG2;HLA-DRA;HLA-DQA2;HLA-DRB1;HLA-DQB2;HLA-DQA1;HLA-DQB1,CDKN1C;KCNQ1;CHST15;HLA-DRA;HLA-DQA2;HLA-DRB1;HLA-DQB2;HLA-DQA1;HLA-DQB1,HLA-DRA;HLA-DQA2;HLA-DRB1;HLA-DQB2;HLA-DQA1;HLA-DQB1,7,9,6
74,GTEX-R55F-1226-SM-2TF59 brain male 50-59 years,0.001858438332791064,3.0093550955414012,18.922881266021577,CDKN1C;GRN;GIPR;SHARPIN;SNRPD2;SLC22A18;PLCG2;HLA-DRA;ALPK2;PVRL2;HLA-DQA2;HLA-DQB2;HLA-DQA1,0.040916308004302925,GTEx_Tissue_Expression_Down,GRN;GIPR;SHARPIN;SNRPD2;PLCG2;HLA-DRA;ALPK2;PVRL2;HLA-DQA2;HLA-DQB2;HLA-DQA1,CDKN1C;GIPR;SNRPD2;SLC22A18;HLA-DRA;HLA-DQA2;HLA-DQB2;HLA-DQA1,GIPR;SNRPD2;HLA-DRA;HLA-DQA2;HLA-DQB2;HLA-DQA1,11,8,6
78,GTEX-RTLS-0008-SM-48FET skin female 60-69 years,0.002170536652638979,3.207087862318841,19.668366983453307,CDKN1C;CCND2;KCNQ1;CHST15;PLCG2;HLA-DRA;HLA-DQA2;HLA-DRB1;HLA-DQB2;HLA-DQA1;HLA-DQB1,0.04633260931594744,GTEx_Tissue_Expression_Down,PLCG2;HLA-DRA;HLA-DQA2;HLA-DRB1;HLA-DQB2;HLA-DQA1;HLA-DQB1,CDKN1C;CCND2;KCNQ1;CHST15;HLA-DRA;HLA-DQA2;HLA-DRB1;HLA-DQB2;HLA-DQA1;HLA-DQB1,HLA-DRA;HLA-DQA2;HLA-DRB1;HLA-DQB2;HLA-DQA1;HLA-DQB1,7,10,6
79,GTEX-SE5C-0008-SM-4B64J skin female 40-49 years,0.002220494106154541,3.3755437587554376,20.62465856902267,CDKN1C;TSPAN15;KCNQ1;CHST15;PLCG2;HLA-DRA;HLA-DRB1;HLA-DQB2;HLA-DQA1;HLA-DQB1,0.046799021351231776,GTEx_Tissue_Expression_Down,PLCG2;HLA-DRA;HLA-DRB1;HLA-DQB2;HLA-DQA1;HLA-DQB1,CDKN1C;TSPAN15;KCNQ1;CHST15;HLA-DRA;HLA-DRB1;HLA-DQB2;HLA-DQA1;HLA-DQB1,HLA-DRA;HLA-DRB1;HLA-DQB2;HLA-DQA1;HLA-DQB1,6,9,5
80,GTEX-T6MO-0008-SM-4DM6T skin female 40-49 years,0.0022612687840256745,3.18880342430484,19.425645859057013,CDKN1C;GIPR;KCNQ1;CHST15;PLCG2;HLA-DRA;HLA-DQA2;HLA-DRB1;HLA-DQB2;HLA-DQA1;HLA-DQB1,0.047062656567534354,GTEx_Tissue_Expression_Down,GIPR;PLCG2;HLA-DRA;HLA-DQA2;HLA-DRB1;HLA-DQB2;HLA-DQA1;HLA-DQB1,CDKN1C;GIPR;KCNQ1;CHST15;HLA-DRA;HLA-DQA2;HLA-DRB1;HLA-DQB2;HLA-DQA1;HLA-DQB1,GIPR;HLA-DRA;HLA-DQA2;HLA-DRB1;HLA-DQB2;HLA-DQA1;HLA-DQB1,8,10,7
86,GTEX-QXCU-0008-SM-48FCH skin male 50-59 years,0.0025139869472756565,3.005652598920481,17.99149189165487,CDKN1C;TSPAN15;CCND2;KCNQ1;CHST15;PLCG2;HLA-DRA;HLA-DQA2;HLA-DRB1;HLA-DQB2;HLA-DQA1;HLA-DQB1,0.048671956595511254,GTEx_Tissue_Expression_Down,PLCG2;HLA-DRA;HLA-DQA2;HLA-DRB1;HLA-DQB2;HLA-DQA1;HLA-DQB1,CDKN1C;TSPAN15;CCND2;KCNQ1;CHST15;HLA-DRA;HLA-DQA2;HLA-DRB1;HLA-DQB2;HLA-DQA1;HLA-DQB1,HLA-DRA;HLA-DQA2;HLA-DRB1;HLA-DQB2;HLA-DQA1;HLA-DQB1,7,11,6
84,GTEX-RVPV-0008-SM-47JYW skin male 60-69 years,0.002501844132124292,2.8979583975346688,17.360878098600566,CDKN1C;ATP8B4;IDUA;TSPAN15;KCNQ1;PLCG2;HLA-DRA;APOE;HLA-DQA2;HLA-DRB1;HLA-DQB2;HLA-DQA1;HLA-DQB1,0.048671956595511254,GTEx_Tissue_Expression_Down,ATP8B4;IDUA;PLCG2;HLA-DRA;APOE;HLA-DQA2;HLA-DRB1;HLA-DQB2;HLA-DQA1;HLA-DQB1,CDKN1C;TSPAN15;KCNQ1;HLA-DRA;HLA-DQA2;HLA-DRB1;HLA-DQB2;HLA-DQA1;HLA-DQB1,HLA-DRA;HLA-DQA2;HLA-DRB1;HLA-DQB2;HLA-DQA1;HLA-DQB1,10,9,6
83,GTEX-QESD-0008-SM-447B2 skin male 20-29 years,0.0024701521708599843,3.5467914438502675,21.293075616937454,TSPAN15;KCNQ1;CHST15;PLCG2;HLA-DRA;HLA-DQA2;HLA-DRB1;HLA-DQA1;HLA-DQB1,0.048671956595511254,GTEx_Tissue_Expression_Down,PLCG2;HLA-DRA;HLA-DQA2;HLA-DRB1;HLA-DQA1;HLA-DQB1,TSPAN15;KCNQ1;CHST15;HLA-DRA;HLA-DQA2;HLA-DRB1;HLA-DQA1;HLA-DQB1,HLA-DRA;HLA-DQA2;HLA-DRB1;HLA-DQA1;HLA-DQB1,6,8,5
82,GTEX-U3ZM-0008-SM-4DXTQ skin male 40-49 years,0.002452110116414679,3.1527937054026505,18.95083243445242,CDKN1C;TSPAN15;CCND2;KCNQ1;CHST15;PLCG2;HLA-DRA;HLA-DRB1;HLA-DQB2;HLA-DQA1;HLA-DQB1,0.048671956595511254,GTEx_Tissue_Expression_Down,PLCG2;HLA-DRA;HLA-DRB1;HLA-DQB2;HLA-DQA1;HLA-DQB1,CDKN1C;TSPAN15;CCND2;KCNQ1;CHST15;HLA-DRA;HLA-DRB1;HLA-DQB2;HLA-DQA1;HLA-DQB1,HLA-DRA;HLA-DRB1;HLA-DQB2;HLA-DQA1;HLA-DQB1,6,10,5
81,GTEX-WL46-2826-SM-3LK81 brain male 50-59 years,0.0023838657083508456,3.1653132992327366,19.115427866504586,CDKN1C;GRN;SLC22A18;CHST15;PLCG2;HLA-DRA;PVRL2;HLA-DQA2;HLA-DRB1;HLA-DQA1;HLA-DQB1,0.048671956595511254,GTEx_Tissue_Expression_Down,GRN;PLCG2;HLA-DRA;PVRL2;HLA-DQA2;HLA-DRB1;HLA-DQA1;HLA-DQB1,CDKN1C;SLC22A18;CHST15;HLA-DRA;HLA-DQA2;HLA-DRB1;HLA-DQA1;HLA-DQB1,HLA-DRA;HLA-DQA2;HLA-DRB1;HLA-DQA1;HLA-DQB1,8,8,5
85,GTEX-XUJ4-0008-SM-4BOQI skin female 60-69 years,0.002513945793579073,3.31394084384515,19.836924233169185,TSPAN15;KCNQ1;CHST15;PLCG2;HLA-DRA;HLA-DQA2;HLA-DRB1;HLA-DQB2;HLA-DQA1;HLA-DQB1,0.048671956595511254,GTEx_Tissue_Expression_Down,PLCG2;HLA-DRA;HLA-DQA2;HLA-DRB1;HLA-DQB2;HLA-DQA1;HLA-DQB1,TSPAN15;KCNQ1;CHST15;HLA-DRA;HLA-DQA2;HLA-DRB1;HLA-DQB2;HLA-DQA1;HLA-DQB1,HLA-DRA;HLA-DQA2;HLA-DRB1;HLA-DQB2;HLA-DQA1;HLA-DQB1,7,9,6
88,GTEX-WWYW-0526-SM-3NB2W muscle female 50-59 years,0.0025774405747873005,2.542220580994584,15.154071121104733,GRN;GIPR;IDUA;ZC3H4;QPCTL;TREM2;JADE2;LRRC16A;NPAS1;EML2;APH1B;CCND2;SNRPD2;KCNQ1;SLC22A18;HESX1;PLCG2;PICALM;JAZF1,0.04876634723887336,GTEx_Tissue_Expression_Down,GRN;GIPR;IDUA;ZC3H4;QPCTL;TREM2;NPAS1;EML2;APH1B;SNRPD2;HESX1;PLCG2;PICALM;JAZF1,GIPR;ZC3H4;QPCTL;JADE2;LRRC16A;NPAS1;EML2;CCND2;SNRPD2;KCNQ1;SLC22A18;JAZF1,GIPR;ZC3H4;QPCTL;NPAS1;EML2;SNRPD2;JAZF1,14,12,7
87,GTEX-QVUS-0008-SM-447AY skin female 60-69 years,0.0025625887946327587,3.1332995438418654,18.69557520878387,CDKN1C;TSPAN15;GIPR;KCNQ1;CHST15;PLCG2;HLA-DRA;HLA-DQA2;HLA-DRB1;HLA-DQA1;HLA-DQB1,0.04876634723887336,GTEx_Tissue_Expression_Down,GIPR;PLCG2;HLA-DRA;HLA-DQA2;HLA-DRB1;HLA-DQA1;HLA-DQB1,CDKN1C;TSPAN15;GIPR;KCNQ1;CHST15;HLA-DRA;HLA-DQA2;HLA-DRB1;HLA-DQA1;HLA-DQB1,GIPR;HLA-DRA;HLA-DQA2;HLA-DRB1;HLA-DQA1;HLA-DQB1,7,10,6
89,GTEX-TSE9-0526-SM-3DB7Z muscle female 60-69 years,0.0026165170766042885,2.7931386228001265,16.607754236288,IDUA;QPCTL;JADE2;LRRC16A;NPAS1;EML2;TOX2;APH1B;CCND2;SNRPD2;SLC22A18;HLA-DRA;APOE;PICALM,0.04894944868029371,GTEx_Tissue_Expression_Down,IDUA;QPCTL;NPAS1;EML2;APH1B;SNRPD2;HLA-DRA;APOE;PICALM,QPCTL;JADE2;LRRC16A;NPAS1;EML2;TOX2;CCND2;SNRPD2;SLC22A18;HLA-DRA,QPCTL;NPAS1;EML2;SNRPD2;HLA-DRA,9,10,5
