clinvar_id,clinical_significance,review_status,conditions,variation_type,snp_id
694742,,,,,rs429358
,not_in_clinvar,,,,rs138573164
,not_in_clinvar,,,,rs2889414
3341101,,,,,rs143332484
,not_in_clinvar,,,,rs6733839
,not_in_clinvar,,,,rs76726049
1235716,,,,,rs34173062
,not_in_clinvar,,,,rs10207628
,not_in_clinvar,,,,rs183427010
,not_in_clinvar,,,,rs814573
935795,,,,,rs72824905
1228575,,,,,rs10649400
,not_in_clinvar,,,,rs3852860
,not_in_clinvar,,,,rs138799625
,not_in_clinvar,,,,rs6857
,not_in_clinvar,,,,rs157592
,not_in_clinvar,,,,rs376097536
,not_in_clinvar,,,,rs3822030
,not_in_clinvar,,,,rs12721051
162177,,,,,rs4420638
,not_in_clinvar,,,,rs56131196
,not_in_clinvar,,,,rs117618017
,not_in_clinvar,,,,rs11769559
,not_in_clinvar,,,,rs4803765
,not_in_clinvar,,,,rs184384746
,not_in_clinvar,,,,rs10414043
,not_in_clinvar,,,,rs7256200
29742,,,,,rs5848
1264941,,,,,rs769449
,not_in_clinvar,,,,rs9931998
,not_in_clinvar,,,,rs56407236
,not_in_clinvar,,,,rs76320948
,not_in_clinvar,,,,rs187370608
,not_in_clinvar,,,,rs10856
,not_in_clinvar,,,,rs12721046
,not_in_clinvar,,,,rs11218343
,not_in_clinvar,,,,rs5112
,not_in_clinvar,,,,rs111789331
,not_in_clinvar,,,,rs66626994
,not_in_clinvar,,,,rs141190797
,not_in_clinvar,,,,rs34215622
,not_in_clinvar,,,,rs5117
,not_in_clinvar,,,,rs71352238
364470,,,,,rs1799777
,not_in_clinvar,,,,rs438811
,not_in_clinvar,,,,rs59007384
,not_in_clinvar,,,,rs71352239
,not_in_clinvar,,,,rs34404554
,not_in_clinvar,,,,rs11556505
,not_in_clinvar,,,,rs143080277
546823,,,,,rs200538373
1221640,,,,,rs61762319
,not_in_clinvar,,,,rs2075650
,not_in_clinvar,,,,rs12972970
,not_in_clinvar,,,,rs12972156
,not_in_clinvar,,,,rs483082
,not_in_clinvar,,,,rs12590654
,not_in_clinvar,,,,rs344819
,not_in_clinvar,,,,rs142042446
,not_in_clinvar,,,,rs79701229
,not_in_clinvar,,,,rs157582
,not_in_clinvar,,,,rs561654715
,not_in_clinvar,,,,rs8093731
,not_in_clinvar,,,,rs157581
,not_in_clinvar,,,,rs34342646
,not_in_clinvar,,,,rs283815
,not_in_clinvar,,,,rs283811
,not_in_clinvar,,,,rs74745468
,not_in_clinvar,,,,rs184017
,not_in_clinvar,,,,rs113571662
,not_in_clinvar,,,,rs74504435
,not_in_clinvar,,,,rs2009833
1277772,,,,,rs2680700
3341102,,,,,rs75932628
,not_in_clinvar,,,,rs10422555
,not_in_clinvar,,,,rs9275611
,not_in_clinvar,,,,rs117090603
,not_in_clinvar,,,,rs1065712
,not_in_clinvar,,,,rs867230
,not_in_clinvar,,,,rs616338
,not_in_clinvar,,,,rs10119
,not_in_clinvar,,,,rs4239533
,not_in_clinvar,,,,rs532864273
,not_in_clinvar,,,,rs157580
,not_in_clinvar,,,,rs28577986
,not_in_clinvar,,,,rs1693551
,not_in_clinvar,,,,rs190982
,not_in_clinvar,,,,rs34095326
,not_in_clinvar,,,,rs4575098
,not_in_clinvar,,,,rs610352
,not_in_clinvar,,,,rs987482
,not_in_clinvar,,,,rs10792832
,not_in_clinvar,,,,rs3810143
,not_in_clinvar,,,,rs3865444
403432,,,,,rs34674752
,not_in_clinvar,,,,rs75627662
472903,,,,,rs11548656
,not_in_clinvar,,,,rs6509227
,not_in_clinvar,,,,rs8111560
,not_in_clinvar,,,,rs62375397
