most_severe_consequence,all_consequences,genes_affected,colocated_variants,strand,allele_string,vep_source,snp_id
missense_variant,"downstream_gene_variant,missense_variant","TOMM40,APOE",3,1,T/C,Ensembl_VEP_GRCh37,rs429358
upstream_gene_variant,"downstream_gene_variant,upstream_gene_variant","CBLC,BCAM",1,1,A/T,Ensembl_VEP_GRCh37,rs138573164
intron_variant,intron_variant,CBLC,1,1,A/C/G/T,Ensembl_VEP_GRCh37,rs2889414
missense_variant,missense_variant,TREM2,3,1,C/A/T,Ensembl_VEP_GRCh37,rs143332484
intergenic_variant,,,1,1,C/G/T,Ensembl_VEP_GRCh37,rs6733839
intron_variant,intron_variant,ALPK2,1,1,T/C,Ensembl_VEP_GRCh37,rs76726049
missense_variant,"intron_variant,upstream_gene_variant,non_coding_transcript_variant,missense_variant,NMD_transcript_v","SHARPIN,KIAA1875,MAF1",1,1,G/A/C,Ensembl_VEP_GRCh37,rs34173062
intron_variant,intron_variant,BIN1,1,1,G/A/C,Ensembl_VEP_GRCh37,rs10207628
intron_variant,intron_variant,PVRL2,1,1,G/A/T,Ensembl_VEP_GRCh37,rs183427010
downstream_gene_variant,downstream_gene_variant,APOC1,1,1,A/T,Ensembl_VEP_GRCh37,rs814573
missense_variant,"downstream_gene_variant,missense_variant,non_coding_transcript_exon_variant",PLCG2,4,1,C/G/T,Ensembl_VEP_GRCh37,rs72824905
intron_variant,"upstream_gene_variant,non_coding_transcript_variant,NMD_transcript_variant,intron_variant",PICALM,1,1,-/A/AG/AT,Ensembl_VEP_GRCh37,rs10649400
intron_variant,"downstream_gene_variant,upstream_gene_variant,intron_variant","CTB-129P6.4,PVRL2",1,1,C/T,Ensembl_VEP_GRCh37,rs3852860
missense_variant,"missense_variant,NMD_transcript_variant,3_prime_UTR_variant",ATP8B4,2,1,C/T,Ensembl_VEP_GRCh37,rs138799625
3_prime_UTR_variant,"intron_variant,upstream_gene_variant,downstream_gene_variant,non_coding_transcript_variant,3_prime_U","CTB-129P6.4,TOMM40,PVRL2",2,1,C/T,Ensembl_VEP_GRCh37,rs6857
downstream_gene_variant,downstream_gene_variant,APOC1,1,1,A/C/T,Ensembl_VEP_GRCh37,rs157592
upstream_gene_variant,"downstream_gene_variant,upstream_gene_variant","APOC1,APOE",1,1,TG/-,Ensembl_VEP_GRCh37,rs376097536
intron_variant,"downstream_gene_variant,non_coding_transcript_variant,upstream_gene_variant,intron_variant","IDUA,SLC26A1",1,1,G/T,Ensembl_VEP_GRCh37,rs3822030
3_prime_UTR_variant,"downstream_gene_variant,NMD_transcript_variant,3_prime_UTR_variant,intron_variant",APOC1,1,1,C/G,Ensembl_VEP_GRCh37,rs12721051
downstream_gene_variant,downstream_gene_variant,APOC1,1,1,A/G,Ensembl_VEP_GRCh37,rs4420638
downstream_gene_variant,downstream_gene_variant,APOC1,1,1,G/A,Ensembl_VEP_GRCh37,rs56131196
missense_variant,"downstream_gene_variant,missense_variant,NMD_transcript_variant,intron_variant",APH1B,2,1,C/T,Ensembl_VEP_GRCh37,rs117618017
intron_variant,"non_coding_transcript_variant,intron_variant",EPHA1-AS1,1,1,T/C,Ensembl_VEP_GRCh37,rs11769559
intron_variant,intron_variant,PVRL2,1,1,C/T,Ensembl_VEP_GRCh37,rs4803765
intergenic_variant,,,1,1,C/T,Ensembl_VEP_GRCh37,rs184384746
upstream_gene_variant,"downstream_gene_variant,upstream_gene_variant","APOC1,APOE",1,1,G/A,Ensembl_VEP_GRCh37,rs10414043
upstream_gene_variant,"downstream_gene_variant,upstream_gene_variant","APOC1,APOE",1,1,G/A/T,Ensembl_VEP_GRCh37,rs7256200
3_prime_UTR_variant,"downstream_gene_variant,3_prime_UTR_variant","FAM171A2,GRN",3,1,C/T,Ensembl_VEP_GRCh37,rs5848
non_coding_transcript_exon_variant,"downstream_gene_variant,non_coding_transcript_exon_variant,intron_variant","TOMM40,APOE",1,1,G/A,Ensembl_VEP_GRCh37,rs769449
intron_variant,"non_coding_transcript_variant,upstream_gene_variant,intron_variant","RP11-960L18.1,PLCG2",1,1,G/A/C,Ensembl_VEP_GRCh37,rs9931998
intron_variant,"downstream_gene_variant,non_coding_transcript_variant,upstream_gene_variant,intron_variant","RP11-356C4.3,FAM157C",1,1,G/A,Ensembl_VEP_GRCh37,rs56407236
intron_variant,intron_variant,AC074212.3,1,1,C/A/T,Ensembl_VEP_GRCh37,rs76320948
intergenic_variant,,,1,1,G/A,Ensembl_VEP_GRCh37,rs187370608
3_prime_UTR_variant,"downstream_gene_variant,upstream_gene_variant,3_prime_UTR_variant","CLASRP,RELB",1,1,G/C/T,Ensembl_VEP_GRCh37,rs10856
intron_variant,"downstream_gene_variant,NMD_transcript_variant,intron_variant",APOC1,1,1,G/A,Ensembl_VEP_GRCh37,rs12721046
intron_variant,"upstream_gene_variant,intron_variant",SORL1,1,1,T/A/C,Ensembl_VEP_GRCh37,rs11218343
non_coding_transcript_exon_variant,non_coding_transcript_exon_variant,APOC1P1,1,1,C/G,Ensembl_VEP_GRCh37,rs5112
upstream_gene_variant,"downstream_gene_variant,upstream_gene_variant","APOC1,APOC1P1",1,1,T/A,Ensembl_VEP_GRCh37,rs111789331
upstream_gene_variant,upstream_gene_variant,APOC1P1,1,1,G/A,Ensembl_VEP_GRCh37,rs66626994
intron_variant,"downstream_gene_variant,non_coding_transcript_variant,intron_variant","HIF3A,AC007193.10",1,1,C/A/T,Ensembl_VEP_GRCh37,rs141190797
3_prime_UTR_variant,"downstream_gene_variant,upstream_gene_variant,3_prime_UTR_variant","TOMM40,APOE",0,1,GGGGGGG/GGGGGG/GGGGGGGG/GGGGGGGGG,Ensembl_VEP_GRCh37,rs34215622
intron_variant,"NMD_transcript_variant,intron_variant",APOC1,1,1,T/A/C/G,Ensembl_VEP_GRCh37,rs5117
intron_variant,"downstream_gene_variant,upstream_gene_variant,intron_variant","CTB-129P6.4,TOMM40,PVRL2",1,1,T/C,Ensembl_VEP_GRCh37,rs71352238
5_prime_UTR_variant,"5_prime_UTR_variant,intron_variant",ABCA1,1,1,CC/C/CCC,Ensembl_VEP_GRCh37,rs1799777
upstream_gene_variant,"downstream_gene_variant,upstream_gene_variant","APOC1,APOE",1,1,C/T,Ensembl_VEP_GRCh37,rs438811
intron_variant,"downstream_gene_variant,upstream_gene_variant,intron_variant","CTB-129P6.4,TOMM40,PVRL2",1,1,G/A/T,Ensembl_VEP_GRCh37,rs59007384
upstream_gene_variant,upstream_gene_variant,APOC1P1,1,1,C/G/T,Ensembl_VEP_GRCh37,rs71352239
intron_variant,"downstream_gene_variant,upstream_gene_variant,intron_variant","CTB-129P6.4,TOMM40,PVRL2",1,1,C/G/T,Ensembl_VEP_GRCh37,rs34404554
missense_variant,"downstream_gene_variant,missense_variant,upstream_gene_variant,synonymous_variant","CTB-129P6.4,TOMM40,PVRL2",1,1,C/A/T,Ensembl_VEP_GRCh37,rs11556505
intron_variant,intron_variant,NCK2,1,1,T/C,Ensembl_VEP_GRCh37,rs143080277
